Z,Symbol,IE_eV,IE_source,R_pm,R_source,alpha_au,alpha_source
1,H,13.598,NIST ASD v5.11,31,Cordero 2008,4.507,S&N 2025 recommended
2,He,24.587,NIST ASD v5.11,28,Cordero 2008,1.384,S&N 2025 recommended
3,Li,5.392,NIST ASD v5.11,128,Cordero 2008,164.11,S&N 2025 recommended
4,Be,9.323,NIST ASD v5.11,96,Cordero 2008,37.74,S&N 2025 recommended
5,B,8.298,NIST ASD v5.11,84,Cordero 2008,20.5,S&N 2025 recommended
6,C,11.260,NIST ASD v5.11,73,Cordero 2008,11.3,S&N 2025 recommended
7,N,14.534,NIST ASD v5.11,71,Cordero 2008,7.4,S&N 2025 recommended
8,O,13.618,NIST ASD v5.11,66,Cordero 2008,5.3,S&N 2025 recommended
9,F,17.423,NIST ASD v5.11,57,Cordero 2008,3.74,S&N 2025 recommended
10,Ne,21.565,NIST ASD v5.11,58,Cordero 2008,2.661,S&N 2025 recommended
11,Na,5.139,NIST ASD v5.11,166,Cordero 2008,162.7,S&N 2025 recommended
12,Mg,7.646,NIST ASD v5.11,141,Cordero 2008,71.2,S&N 2025 recommended
13,Al,5.986,NIST ASD v5.11,121,Cordero 2008,57.8,S&N 2025 recommended
14,Si,8.152,NIST ASD v5.11,111,Cordero 2008,37.3,S&N 2025 recommended
15,P,10.487,NIST ASD v5.11,107,Cordero 2008,25.0,S&N 2025 recommended
16,S,10.360,NIST ASD v5.11,105,Cordero 2008,19.4,S&N 2025 recommended
17,Cl,12.968,NIST ASD v5.11,102,Cordero 2008,14.6,S&N 2025 recommended
18,Ar,15.760,NIST ASD v5.11,106,Cordero 2008,11.083,S&N 2025 recommended
19,K,4.341,NIST ASD v5.11,203,Cordero 2008,289.7,S&N 2025 recommended
20,Ca,6.113,NIST ASD v5.11,176,Cordero 2008,160.8,S&N 2025 recommended
21,Sc,6.562,NIST ASD v5.11,170,Cordero 2008,97.0,S&N 2025 recommended
22,Ti,6.828,NIST ASD v5.11,160,Cordero 2008,87.0,S&N 2025 recommended
23,V,6.746,NIST ASD v5.11,153,Cordero 2008,87.0,S&N 2025 recommended
24,Cr,6.767,NIST ASD v5.11,139,Cordero 2008,83.0,S&N 2025 recommended
25,Mn,7.434,NIST ASD v5.11,150,Cordero 2008,68.0,S&N 2025 recommended
26,Fe,7.902,NIST ASD v5.11,142,Cordero 2008,62.0,S&N 2025 recommended
27,Co,7.881,NIST ASD v5.11,138,Cordero 2008,55.0,S&N 2025 recommended
28,Ni,7.640,NIST ASD v5.11,124,Cordero 2008,49.0,S&N 2025 recommended
29,Cu,7.726,NIST ASD v5.11,132,Cordero 2008,46.5,S&N 2025 recommended
30,Zn,9.394,NIST ASD v5.11,122,Cordero 2008,38.67,S&N 2025 recommended
31,Ga,5.999,NIST ASD v5.11,122,Cordero 2008,50.0,S&N 2025 recommended
32,Ge,7.900,NIST ASD v5.11,120,Cordero 2008,40.0,S&N 2025 recommended
33,As,9.789,NIST ASD v5.11,119,Cordero 2008,30.0,S&N 2025 recommended
34,Se,9.752,NIST ASD v5.11,120,Cordero 2008,28.9,S&N 2025 recommended
35,Br,11.814,NIST ASD v5.11,120,Cordero 2008,21.0,S&N 2025 recommended
36,Kr,14.000,NIST ASD v5.11,116,Cordero 2008,16.78,S&N 2025 recommended
37,Rb,4.177,NIST ASD v5.11,220,Cordero 2008,319.8,S&N 2025 recommended
38,Sr,5.695,NIST ASD v5.11,195,Cordero 2008,197.2,S&N 2025 recommended
39,Y,6.217,NIST ASD v5.11,190,Cordero 2008,162.0,S&N 2025 recommended
40,Zr,6.634,NIST ASD v5.11,175,Cordero 2008,112.0,S&N 2025 recommended
41,Nb,6.759,NIST ASD v5.11,164,Cordero 2008,98.0,S&N 2025 recommended
42,Mo,7.092,NIST ASD v5.11,154,Cordero 2008,87.0,S&N 2025 recommended
43,Tc,7.119,NIST ASD v5.11,147,Cordero 2008,79.0,S&N 2025 recommended
44,Ru,7.361,NIST ASD v5.11,146,Cordero 2008,72.0,S&N 2025 recommended
45,Rh,7.459,NIST ASD v5.11,142,Cordero 2008,66.0,S&N 2025 recommended
46,Pd,8.337,NIST ASD v5.11,139,Cordero 2008,26.14,S&N 2025 recommended
47,Ag,7.576,NIST ASD v5.11,145,Cordero 2008,55.0,S&N 2025 recommended
48,Cd,8.994,NIST ASD v5.11,144,Cordero 2008,46.0,S&N 2025 recommended
49,In,5.786,NIST ASD v5.11,142,Cordero 2008,65.0,S&N 2025 recommended
50,Sn,7.344,NIST ASD v5.11,139,Cordero 2008,53.0,S&N 2025 recommended
51,Sb,8.608,NIST ASD v5.11,139,Cordero 2008,43.0,S&N 2025 recommended
52,Te,9.010,NIST ASD v5.11,138,Cordero 2008,38.0,S&N 2025 recommended
53,I,10.451,NIST ASD v5.11,139,Cordero 2008,32.9,S&N 2025 recommended
54,Xe,12.130,NIST ASD v5.11,140,Cordero 2008,27.32,S&N 2025 recommended
55,Cs,3.894,NIST ASD v5.11,244,Cordero 2008,400.9,S&N 2025 recommended
56,Ba,5.212,NIST ASD v5.11,215,Cordero 2008,272.0,S&N 2025 recommended
57,La,5.577,NIST ASD v5.11,207,Cordero 2008,215.0,S&N 2025 recommended
58,Ce,5.539,NIST ASD v5.11,204,Cordero 2008,205.0,S&N 2025 recommended
59,Pr,5.473,NIST ASD v5.11,203,Cordero 2008,216.0,S&N 2025 recommended
60,Nd,5.525,NIST ASD v5.11,201,Cordero 2008,208.0,S&N 2025 recommended
61,Pm,5.582,NIST ASD v5.11,199,Cordero 2008,200.0,S&N 2025 recommended
62,Sm,5.644,NIST ASD v5.11,198,Cordero 2008,192.0,S&N 2025 recommended
63,Eu,5.670,NIST ASD v5.11,198,Cordero 2008,184.0,S&N 2025 recommended
64,Gd,6.150,NIST ASD v5.11,196,Cordero 2008,158.0,S&N 2025 recommended
65,Tb,5.864,NIST ASD v5.11,194,Cordero 2008,170.0,S&N 2025 recommended
66,Dy,5.939,NIST ASD v5.11,192,Cordero 2008,163.0,S&N 2025 recommended
67,Ho,6.022,NIST ASD v5.11,192,Cordero 2008,155.0,S&N 2025 recommended
68,Er,6.108,NIST ASD v5.11,189,Cordero 2008,150.0,S&N 2025 recommended
69,Tm,6.184,NIST ASD v5.11,190,Cordero 2008,144.0,S&N 2025 recommended
70,Yb,6.254,NIST ASD v5.11,187,Cordero 2008,139.0,S&N 2025 recommended
71,Lu,5.426,NIST ASD v5.11,187,Cordero 2008,137.0,S&N 2025 recommended
72,Hf,6.825,NIST ASD v5.11,175,Cordero 2008,103.0,S&N 2025 recommended
73,Ta,7.550,NIST ASD v5.11,170,Cordero 2008,74.0,S&N 2025 recommended
74,W,7.864,NIST ASD v5.11,162,Cordero 2008,68.0,S&N 2025 recommended
75,Re,7.834,NIST ASD v5.11,151,Cordero 2008,62.0,S&N 2025 recommended
76,Os,8.438,NIST ASD v5.11,144,Cordero 2008,57.0,S&N 2025 recommended
77,Ir,8.967,NIST ASD v5.11,141,Cordero 2008,54.0,S&N 2025 recommended
78,Pt,8.959,NIST ASD v5.11,136,Cordero 2008,48.0,S&N 2025 recommended
79,Au,9.226,NIST ASD v5.11,136,Cordero 2008,36.0,S&N 2025 recommended
80,Hg,10.437,NIST ASD v5.11,132,Cordero 2008,33.91,S&N 2025 recommended
81,Tl,6.108,NIST ASD v5.11,145,Cordero 2008,50.0,S&N 2025 recommended
82,Pb,7.417,NIST ASD v5.11,146,Cordero 2008,47.0,S&N 2025 recommended
83,Bi,7.286,NIST ASD v5.11,148,Cordero 2008,48.0,S&N 2025 recommended
84,Po,8.414,NIST ASD v5.11,140,Cordero 2008,44.0,S&N 2025 recommended
85,At,9.318,NIST ASD v5.11,150,Cordero 2008,42.0,S&N 2025 recommended
86,Rn,10.749,NIST ASD v5.11,150,Cordero 2008,35.0,S&N 2025 recommended
87,Fr,4.073,NIST ASD v5.11,260,Cordero 2008,,
88,Ra,5.278,NIST ASD v5.11,221,Cordero 2008,,
89,Ac,5.380,NIST ASD v5.11,215,Cordero 2008,,
90,Th,6.307,NIST ASD v5.11,206,Cordero 2008,,
